书名,评分,作者,出版社,出版日期,价格,链接
追风筝的人,8.9,[美] 卡勒德·胡赛尼,上海人民出版社,2006-5,29.0,https://book.douban.com/subject/1770782/
解忧杂货店,8.5,[日] 东野圭吾,南海出版公司,2014-5,39.5,https://book.douban.com/subject/25862578/
小王子,9.0,[法] 圣埃克苏佩里,人民文学出版社,2003-8,22.0,https://book.douban.com/subject/1084336/
白夜行,9.1,[日] 东野圭吾,南海出版公司,2008-9,29.8,https://book.douban.com/subject/3259440/
活着,9.4,余华,作家出版社,2012-8-1,20.0,https://book.douban.com/subject/4913064/
嫌疑人X的献身,8.9,[日] 东野圭吾,南海出版公司,2008-9,28.0,https://book.douban.com/subject/3211779/
三体,8.8,刘慈欣,重庆出版社,2008-1,23.0,https://book.douban.com/subject/2567698/
围城,8.9,钱锺书,人民文学出版社,1991-2,19.0,https://book.douban.com/subject/1008145/
挪威的森林,8.0,[日] 村上春树,上海译文出版社,2001-2,18.8,https://book.douban.com/subject/1046265/
红楼梦,9.6,[清] 曹雪芹 著,人民文学出版社,1996-12,59.7,https://book.douban.com/subject/1007305/
百年孤独,9.2,[哥伦比亚] 加西亚·马尔克斯,南海出版公司,2011-6,39.5,https://book.douban.com/subject/6082808/
看见,8.8,柴静,广西师范大学出版社,2013-1-1,39.8,https://book.douban.com/subject/20427187/
平凡的世界（全三部）,9.0,路遥,人民文学出版社,2005-1,64.0,https://book.douban.com/subject/1200840/
三体Ⅱ,9.3,刘慈欣,重庆出版社,2008-5,32.0,https://book.douban.com/subject/3066477/
三体Ⅲ,9.2,刘慈欣,重庆出版社,2010-11,38.0,https://book.douban.com/subject/5363767/
我们仨,8.7,杨绛,生活·读书·新知三联书店,2003-7,18.8,https://book.douban.com/subject/1023045/
天才在左 疯子在右,8.1,高铭,武汉大学出版社,2010-2,29.8,https://book.douban.com/subject/4242172/
达·芬奇密码,8.2,[美] 丹·布朗,上海人民出版社,2004-2,28.0,https://book.douban.com/subject/1040771/
不能承受的生命之轻,8.5,[捷克] 米兰·昆德拉,上海译文出版社,2003-7,23.0,https://book.douban.com/subject/1017143/
撒哈拉的故事,9.0,三毛,皇冠出版社,1976,36.8,https://book.douban.com/subject/1361264/
明朝那些事儿（壹）,8.7,当年明月,中国友谊出版公司,2006-9,24.8,https://book.douban.com/subject/1873231/
许三观卖血记,8.8,余华,南海出版公司,1998-9,16.8,https://book.douban.com/subject/1029791/
哈利·波特与魔法石,9.1,[英] J. K. 罗琳,人民文学出版社,2000-9,19.5,https://book.douban.com/subject/1041007/
恶意,8.4,[日] 东野圭吾,南海出版公司,2009-6,18.0,https://book.douban.com/subject/3646172/
傲慢与偏见,8.8,[英] 奥斯丁,人民文学出版社,1993-7,13.0,https://book.douban.com/subject/1083428/
简爱（英文全本）,8.5,[英] 夏洛蒂·勃朗特,世界图书出版公司,2003-11,18.0,https://book.douban.com/subject/1141406/
目送,8.6,龙应台,生活·读书·新知三联书店,2009-10,39.0,https://book.douban.com/subject/3995526/
人间失格,8.3,太宰治,吉林出版集团有限责任公司,2009-9,16.0,https://book.douban.com/subject/4011670/
边城,8.6,沈从文,北岳文艺出版社,2002-4,12.0,https://book.douban.com/subject/1057244/
霍乱时期的爱情,9.0,[哥伦比亚] 加西亚·马尔克斯,南海出版公司,2012-9-1,39.5,https://book.douban.com/subject/10594787/
飘,9.3,[美国] 玛格丽特·米切尔,译林出版社,2000-9,40.0,https://book.douban.com/subject/1068920/
盗墓笔记,8.3,南派三叔,中国友谊出版公司,2007-1,26.8,https://book.douban.com/subject/1948901/
窗边的小豆豆,8.7,[日] 黑柳彻子 著,南海出版公司,2003-1,20.0,https://book.douban.com/subject/1007914/
房思琪的初恋乐园,9.2,林奕含,北京联合出版公司,2018-1,45.0,https://book.douban.com/subject/27614904/
倾城之恋,8.5,花城出版社,花城出版社,1997-3-1,11.0,https://book.douban.com/subject/1090043/
老人与海,8.4,海明威,上海译文出版社,1999-10,8.2,https://book.douban.com/subject/1064275/
鲁滨逊漂流记,8.1,[英] 笛福,广西民族出版社,2002-1,9.2,https://book.douban.com/subject/1016003/
哈利·波特与阿兹卡班的囚徒,9.0,[英] J. K. 罗琳,人民文学出版社,2000-9,26.5,https://book.douban.com/subject/1071241/
狼图腾,8.2,姜戎,长江文艺出版社,2004-4,32.0,https://book.douban.com/subject/1022060/
万历十五年,8.9,[美] 黄仁宇,生活·读书·新知三联书店,1997-5,18.0,https://book.douban.com/subject/1041482/
1984,9.3,[英] 乔治·奥威尔,北京十月文艺出版社,2010-4-1,28.0,https://book.douban.com/subject/4820710/
哈利·波特与火焰杯,9.0,[英] J. K. 罗琳,人民文学出版社,2001-5,39.8,https://book.douban.com/subject/1009257/
骆驼祥子,8.4,老舍,人民文学出版社,2000-3-1,12.0,https://book.douban.com/subject/1043815/
穆斯林的葬礼,8.1,霍达,北京十月文艺出版社,1988-12-1,32.0,https://book.douban.com/subject/1082334/
哈利·波特与密室,8.9,[英] J. K. 罗琳,人民文学出版社,2000-9,22.0,https://book.douban.com/subject/1039487/
月亮与六便士,8.8,[英] 威廉·萨默塞特·毛姆,浙江文艺出版社,2017-1-1,39.8,https://book.douban.com/subject/26954760/
送你一颗子弹,8.6,刘瑜,上海三联书店,2010-1,25.0,https://book.douban.com/subject/4238362/
情人,8.1,[法] 玛格丽特·杜拉斯,上海译文出版社,2005-7,20.0,https://book.douban.com/subject/1400705/
人类简史,9.1,[以色列] 尤瓦尔·赫拉利,中信出版社,2014-11,68.0,https://book.douban.com/subject/25985021/
黄金时代,8.8,王小波,花城出版社,1999-3,19.0,https://book.douban.com/subject/1089243/
三国演义（全二册）,9.2,[明] 罗贯中,人民文学出版社,1998-05,39.5,https://book.douban.com/subject/1019568/
哈利·波特与混血王子,8.8,[英] J. K. 罗琳,人民文学出版社,2005-10,58.0,https://book.douban.com/subject/1432596/
牧羊少年奇幻之旅,8.6,[巴西] 保罗·柯艾略,南海出版公司,2009-3-1,25.0,https://book.douban.com/subject/3608208/
局外人,9.0,[法] 阿尔贝·加缪,上海译文出版社,2010-8,22.0,https://book.douban.com/subject/4908885/
哈利·波特与凤凰社,8.7,[英] J. K. 罗琳,人民文学出版社,2003-9,59.0,https://book.douban.com/subject/1013129/
悟空传,8.3,今何在,光明日报出版社,2001-4,14.8,https://book.douban.com/subject/1003000/
1Q84 BOOK 1,8.3,[日] 村上春树,南海出版公司,2010-5,36.0,https://book.douban.com/subject/4742918/
哈利·波特与死亡圣器,9.0,[英] J. K. 罗琳,人民文学出版社,2007-10,66.0,https://book.douban.com/subject/2295163/
白鹿原,8.7,陈忠实,人民文学出版社,1997-12,28.0,https://book.douban.com/subject/1085799/
苏菲的世界,8.5,（挪威）乔斯坦·贾德,作家出版社,1999-04,26.8,https://book.douban.com/subject/1045818/
无声告白,8.2,[美] 伍绮诗,江苏凤凰文艺出版社,2015-7,35.0,https://book.douban.com/subject/26382433/
向左走·向右走,8.4,幾米,生活·读书·新知三联书店,2002-8,16.0,https://book.douban.com/subject/1066462/
天龙八部,9.1,金庸,生活.读书.新知三联书店,1994-5,96.0,https://book.douban.com/subject/1255625/
了不起的盖茨比,8.4,菲茨杰拉德,人民文学出版社,2004-06,12.0,https://book.douban.com/subject/1008988/
茶花女,8.2,小仲马,外国文学出版社,1997-3,9.0,https://book.douban.com/subject/1013380/
基督山伯爵,9.0,大仲马,上海译文出版社,1991-12-1,43.9,https://book.douban.com/subject/1085860/
一个陌生女人的来信,8.7,[奥] 斯台芬·茨威格,上海译文出版社,2007-7,20.0,https://book.douban.com/subject/2154960/
呼啸山庄,8.4,（英）勃朗特,人民文学出版社,1999-01-01,27.3,https://book.douban.com/subject/1119522/
亲爱的安德烈,8.6,龙应台,人民文学出版社,2008-12,26.0,https://book.douban.com/subject/3369793/
沉默的大多数,9.1,王小波,中国青年出版社,1997-10,27.0,https://book.douban.com/subject/1054685/
无人生还,8.9,[英] 阿加莎・克里斯蒂,人民文学出版社,2008-3,19.0,https://book.douban.com/subject/3006581/
东方快车谋杀案,9.0,[英] 阿加莎·克里斯蒂,人民文学出版社,2006-5,18.0,https://book.douban.com/subject/1827374/
福尔摩斯探案全集（上中下）,9.2,[英] 阿·柯南道尔,群众出版社,1981-8,68.0,https://book.douban.com/subject/1040211/
灿烂千阳,8.8,[美] 卡勒德·胡赛尼,上海人民出版社,2007-9,28.0,https://book.douban.com/subject/2143732/
巴黎圣母院,8.4,[法]雨果,人民文学出版社,1982-6,22.5,https://book.douban.com/subject/1024197/
笑傲江湖（全四册）,9.0,金庸,生活·读书·新知三联书店,1994-5,76.8,https://book.douban.com/subject/1002299/
我不喜欢这世界，我只喜欢你,8.0,乔一,湖南少年儿童出版社,2015-5-1,29.8,https://book.douban.com/subject/26414020/
城南旧事,9.0,林海音 文,中国青年出版社,2003-7,16.0,https://book.douban.com/subject/1254588/
海边的卡夫卡,8.1,[日] 村上春树,上海译文出版社,2003-4,25.0,https://book.douban.com/subject/1059419/
莲花,8.0,安妮宝贝,作家出版社,2006-3,25.0,https://book.douban.com/subject/1529893/
兄弟（上）,8.3,余华,上海文艺出版社,2005-8,16.0,https://book.douban.com/subject/1401425/
呐喊,8.9,鲁迅,人民文学出版社,1973年3月,0.36,https://book.douban.com/subject/1449351/
乌合之众,8.2,（法）勒庞,中央编译出版社,2011-5-1,16.0,https://book.douban.com/subject/1012611/
情书,8.6,[日] 岩井俊二,天津人民出版社,2004-7,18.0,https://book.douban.com/subject/1080370/
肖申克的救赎,9.1,[美] 斯蒂芬·金,人民文学出版社,2006-7,29.9,https://book.douban.com/subject/1829226/
羊脂球,8.1,（法）莫泊桑,北京燕山出版社,2007-6,13.5,https://book.douban.com/subject/1205370/
动物农场,9.2,[英] 乔治·奥威尔,上海译文出版社,2007-3,10.0,https://book.douban.com/subject/2035179/
安徒生童话故事集,9.2,（丹麦）安徒生,人民文学出版社,1997-08,25.0,https://book.douban.com/subject/1046209/
神雕侠侣,8.9,金庸,生活·读书·新知三联书店,1994-5,76.8,https://book.douban.com/subject/1255624/
爱你就像爱生命,8.8,王小波,上海锦绣文章出版社,2008-5,18.0,https://book.douban.com/subject/3071717/
少有人走的路,8.4,[美] M·斯科特·派克,吉林文史出版社,2007-1,26.0,https://book.douban.com/subject/1775691/
红玫瑰与白玫瑰,8.4,张爱玲,花城出版社,1996-06,12.8,https://book.douban.com/subject/1014278/
朝花夕拾,8.7,鲁迅,人民文学出版社,1972年4月,0.25,https://book.douban.com/subject/1449352/
阿Q正传,8.7,鲁迅 著,上海书店出版社,2003-7,14.5,https://book.douban.com/subject/1088065/
当我谈跑步时我谈些什么,8.2,[日] 村上春树,南海出版公司,2009-1,25.0,https://book.douban.com/subject/3369600/
海底两万里,8.5,[法国] 儒尔·凡尔纳,译林出版社,2002-9,19.5,https://book.douban.com/subject/1085470/
梦里花落知多少,8.8,三毛,北京十月文艺出版社,2007-6,28.0,https://book.douban.com/subject/2070844/
鬼吹灯之精绝古城,8.1,天下霸唱,安徽文艺出版社,2006,25.0,https://book.douban.com/subject/1882933/
遇见未知的自己,8.0,张德芬,华夏出版社,2008-1,29.0,https://book.douban.com/subject/2340100/
民主的细节,8.6,刘瑜,上海三联书店,2009-6,25.0,https://book.douban.com/subject/3813669/
一只特立独行的猪,8.8,王小波,北方文艺出版社,2006-4,18.8,https://book.douban.com/subject/1767945/
巨人的陨落,8.9,[英] 肯·福莱特,江苏凤凰文艺出版社,2016-5-1,129.8,https://book.douban.com/subject/26698660/
半生缘,8.6,张爱玲,北京十月文艺出版社,2006-12,28.0,https://book.douban.com/subject/1963684/
格林童话全集,9.0,[德国]格林兄弟,人民文学出版社,1994-11,21.45,https://book.douban.com/subject/1043008/
杀死一只知更鸟,9.2,[美] 哈珀·李,译林出版社,2012-9,32.0,https://book.douban.com/subject/6781808/
华胥引（全二册）,8.4,唐七公子,现代出版社,2011-1,39.8,https://book.douban.com/subject/5916880/
你今天真好看,8.6,[美]莉兹•克里莫,雅众文化/天津人民出版社,2015-8,39.0,https://book.douban.com/subject/26602392/
射雕英雄传（全四册）,9.0,金庸,生活·读书·新知三联书店,1999-04,47.0,https://book.douban.com/subject/1044547/
一个人的朝圣,8.1,[英] 蕾秋·乔伊斯,北京联合出版公司,2013-9-1,32.8,https://book.douban.com/subject/24934182/
陪安东尼度过漫长岁月,8.3,安东尼,长江文艺出版社,2008-3,18.0,https://book.douban.com/subject/3014576/
这些都是你给我的爱,8.3,文：安东尼,长江文艺出版社,2010-3,24.8,https://book.douban.com/subject/4714734/
如何阅读一本书,8.4,[美] 莫提默·J. 艾德勒,商务印书馆,2004-1,38.0,https://book.douban.com/subject/1013208/
孩子你慢慢来,8.8,龙应台,生活·读书·新知三联书店,2009-12-1,28.0,https://book.douban.com/subject/4207781/
喜宝,8.0,亦舒,新世界出版社,2007-2,22.0,https://book.douban.com/subject/2022979/
这些人，那些事,8.8,吴念真,译林出版社,2011-9,28.0,https://book.douban.com/subject/6388661/
麦琪的礼物,8.6,[美] 欧·亨利,上海社会科学院出版社,2003-7,25.0,https://book.douban.com/subject/1051193/
流浪地球,8.6,刘慈欣,湖北长江出版集团，长江文艺出版社,2008-11,28.0,https://book.douban.com/subject/3266609/
查令十字街84号,8.3,[美] 海莲·汉芙,译林出版社,2005-05-01,18.0,https://book.douban.com/subject/1316648/
西游记（全二册）,8.9,吴承恩,人民文学出版社,2004-8,47.2,https://book.douban.com/subject/1029553/
雷雨,8.6,曹禺,人民文学出版社,1999-05,9.2,https://book.douban.com/subject/1013416/
水浒传（全二册）,8.6,[明] 施耐庵,人民文学出版社,1997-1,50.6,https://book.douban.com/subject/1008357/
菊与刀,8.2,（美）鲁思・本尼迪克特,商务印书馆,1990-6,16.0,https://book.douban.com/subject/1022238/
我与地坛,9.0,史铁生,春风文艺出版社,2002-5,25.0,https://book.douban.com/subject/1209899/
刀锋,9.0,[英]毛姆,上海译文出版社,2007-3,18.0,https://book.douban.com/subject/2035162/
狂人日记,8.7,鲁迅,京华出版社,2006-3,39.8,https://book.douban.com/subject/1398395/
富爸爸，穷爸爸,8.3,（美）罗伯特・T・清崎,世界图书出版公司,2000-09,18.8,https://book.douban.com/subject/1033778/
最好的我们,8.8,八月长安,湖南文艺出版社,2013-8-5,55.0,https://book.douban.com/subject/24754316/
步步惊心,8.1,桐华,民族出版社,2006-6,25.0,https://book.douban.com/subject/1812439/
地下铁,8.3,幾米,辽宁教育出版社,2002-2,32.0,https://book.douban.com/subject/1056733/
球状闪电,8.7,刘慈欣,四川科学技术出版社,2005-6,22.0,https://book.douban.com/subject/1192090/
尘埃落定,8.5,阿来,人民文学出版社,1998-3-1,22.0,https://book.douban.com/subject/1080309/
呼兰河传,8.9,萧红,百花文艺出版社,2005-01,19.0,https://book.douban.com/subject/1060852/
悲惨世界（上中下）,8.9,[法] 雨果,人民文学出版社,1992-6,66.0,https://book.douban.com/subject/1205054/
瓦尔登湖,8.4,[美] 梭罗,上海译文出版社,2006-8,11.0,https://book.douban.com/subject/1865089/
飞鸟集,8.9,[印] 罗宾德拉纳德·泰戈尔,哈尔滨出版社,2004-6,16.8,https://book.douban.com/subject/1058661/
那些回不去的年少时光,8.4,桐华,江苏文艺出版社,2010-01,23.8,https://book.douban.com/subject/4231381/
孤独六讲,8.1,蒋勋,广西师范大学出版社,2009-10-1,36.0,https://book.douban.com/subject/4124727/
倚天屠龙记(共四册),8.6,金庸,三联书店,1999-04,47.0,https://book.douban.com/subject/1070851/
金锁记,8.5,张爱玲,哈尔滨出版社,2005-6,13.5,https://book.douban.com/subject/3017857/
夏洛的网,8.6,[美] E.B.怀特,上海译文出版社,2004-5,17.0,https://book.douban.com/subject/1036274/
月亮忘記了,8.6,幾米,格林,2000-2-1,299.0,https://book.douban.com/subject/1358873/
我的天才女友,8.5,[意] 埃莱娜·费兰特,人民文学出版社,2017-1,42.0,https://book.douban.com/subject/26878124/
此间的少年,8.4,江南,华文出版社,2004-1,25.0,https://book.douban.com/subject/1020459/
人生,8.4,路遥,北京十月文艺出版社,2009-5,20.0,https://book.douban.com/subject/3803820/
史蒂夫·乔布斯传,8.7,[美] 沃尔特·艾萨克森,中信出版社,2011-10-24,68.0,https://book.douban.com/subject/6798611/
时间简史,8.8,[英] 史蒂芬·霍金,湖南科学技术出版社,2010-4,45.0,https://book.douban.com/subject/1034282/
鹿鼎记（全五册）,8.6,金庸,广州出版社 花城出版社,2008-3,108.0,https://book.douban.com/subject/1212893/
哭泣的骆驼,8.9,三毛,哈尔滨出版社,2003-6,15.8,https://book.douban.com/subject/1029111/
荆棘鸟,8.6,[澳] 考琳·麦卡洛,译林出版社,1998-7,28.0,https://book.douban.com/subject/1086249/
海贼王,9.5,尾田荣一郎,浙江人民美术出版社,2007-11,7.5,https://book.douban.com/subject/1474773/
红与黑,8.2,[法] 司汤达,人民文学出版社,2002,20.0,https://book.douban.com/subject/1007433/
伊豆的舞女,8.2,[日] 川端康成,广西师范大学出版社,2002-2,23.8,https://book.douban.com/subject/1005521/
长恨歌,8.2,王安忆,南海出版公司,2003-8,22.0,https://book.douban.com/subject/1082349/
一個人住第5年,8.4,高木直子,大田,2004-12-1,220.0,https://book.douban.com/subject/1346815/
陆犯焉识,8.8,严歌苓,作家出版社,2011-10,35.0,https://book.douban.com/subject/6880158/
东霓,8.6,笛安,长江文艺出版社,2010-7-1,26.8,https://book.douban.com/subject/4874131/
寻路中国,9.0,[美] 彼得·海斯勒,上海译文出版社,2011-1,33.0,https://book.douban.com/subject/5414391/
罗生门,8.7,[日]芥川龙之介,上海译文出版社,2008-7,12.0,https://book.douban.com/subject/3136271/
中国历代政治得失,9.2,钱穆,生活·读书·新知三联书店,2001,12.0,https://book.douban.com/subject/1003479/
你一定爱读的极简欧洲史,8.2,约翰·赫斯特（John Hirst）,广西师范大学出版社,2011-11-25,25.0,https://book.douban.com/subject/5366248/
常识,8.1,梁文道,广西师范大学出版社,2009-1,38.0,https://book.douban.com/subject/3344676/
自控力,8.2,[美]  凯利·麦格尼格尔,文化发展出版社(原印刷工业出版社),2012-8,39.8,https://book.douban.com/subject/10786473/
父与子全集,9.2,[德] 埃·奥·卜劳恩 绘,中国工人出版社,2003-4,20.0,https://book.douban.com/subject/1002898/
一千零一夜,8.6,纳训,人民文学出版社,2003-01,22.0,https://book.douban.com/subject/1035848/
变形记,8.4,[奥] 卡夫卡,浙江文艺出版社,2003-4,16.0,https://book.douban.com/subject/1213546/
项链,8.4,[法] 莫泊桑,河北教育出版社,2005-2,28.0,https://book.douban.com/subject/1258498/
一九八四·动物农场,9.3,[英] 乔治·奥威尔,上海译文出版社,2003-4,23.0,https://book.douban.com/subject/1082387/
时间旅行者的妻子,8.1,[美] 奥德丽·尼芬格,人民文学出版社,2007-4,29.9,https://book.douban.com/subject/2056749/
失恋33天,8.0,鲍鲸鲸,中信出版社,2010-1,25.0,https://book.douban.com/subject/4238754/
人性的弱点全集,8.2,[美] 戴尔·卡耐基,中国发展出版社,2008-1,25.0,https://book.douban.com/subject/1056295/
未来简史,8.4,[以色列] 尤瓦尔·赫拉利,中信出版集团,2017-2,68.0,https://book.douban.com/subject/26943161/
匆匆那年（上下）,8.2,九夜茴,东方出版社,2008-1,29.0,https://book.douban.com/subject/2567919/
影响力,8.6,[美] 罗伯特·西奥迪尼,中国人民大学出版社,2006-5,45.0,https://book.douban.com/subject/1786387/
历史深处的忧虑,9.0,林达,生活·读书·新知三联书店,1997-5,19.0,https://book.douban.com/subject/1027191/
那些年，我们一起追的女孩,8.2,九把刀,花山文艺出版社,2007-1,20.0,https://book.douban.com/subject/1958227/
人间词话,9.0,王国维,上海古籍出版社,1998-12-01,9.8,https://book.douban.com/subject/1203426/
新名字的故事,9.0,[意] 埃莱娜·费兰特,人民文学出版社,2017-4,59.0,https://book.douban.com/subject/26986954/
长安十二时辰 上,8.4,马伯庸,湖南文艺出版社,2017-1-1,79.6,https://book.douban.com/subject/26899537/
冰与火之歌（卷一）,9.3,[美] 乔治·R. R. 马丁,重庆出版社,2005-5,68.0,https://book.douban.com/subject/1336330/
雨季不再来,8.7,三毛,北京十月文艺出版社,2007-7,28.0,https://book.douban.com/subject/2136140/
面纱,8.7,(英)W.萨默塞特·毛姆,重庆,2012-05-01,32.0,https://book.douban.com/subject/10560798/
橙,8.2,安东尼,长江文艺出版社,2010-10,28.8,https://book.douban.com/subject/5327697/
世界尽头与冷酷仙境,8.6,[日] 村上春树,上海译文出版社,2002-12,23.0,https://book.douban.com/subject/1291809/
江城,9.0,[美] 彼得·海斯勒,上海译文出版社,2012-1,36.0,https://book.douban.com/subject/7060185/
香水,8.5,[德] 帕·聚斯金德,上海译文出版社,2005-5,20.0,https://book.douban.com/subject/1292416/
大地之灯,8.2,七堇年,长江文艺出版社,2007-1,22.0,https://book.douban.com/subject/1963310/
阿狸·梦之城堡,9.0,hans,上海锦绣文章出版社,2009-1,36.8,https://book.douban.com/subject/3554154/
一句顶一万句,8.7,刘震云,长江文艺出版社,2009-3,29.8,https://book.douban.com/subject/3633461/
看不见的城市,8.8,[意大利]伊塔洛·卡尔维诺,译林出版社,2006-8,16.0,https://book.douban.com/subject/1863930/
把时间当作朋友,8.4,李笑来,电子工业出版社,2009-6,32.0,https://book.douban.com/subject/3609132/
第一炉香,8.4,张爱玲,花城出版社,1997-3,11.5,https://book.douban.com/subject/1082162/
天使与魔鬼,8.2,[美] 丹.布朗,人民文学出版社,2005-2,29.8,https://book.douban.com/subject/1228110/
尼罗河上的惨案,8.7,[英] 阿加莎·克里斯蒂,人民文学出版社,2006-5,22.0,https://book.douban.com/subject/1818347/
ZOO,8.6,[日] 乙一,当代世界出版社,2007-10,20.0,https://book.douban.com/subject/2297697/
文学回忆录（全2册）,9.2,木心 讲述,广西师范大学出版社,2013-1-10,98.0,https://book.douban.com/subject/20440644/
国境以南 太阳以西,8.3,[日] 村上春树,上海译文出版社,2001-8,13.5,https://book.douban.com/subject/1015452/
没有色彩的多崎作和他的巡礼之年,8.2,[日] 村上春树,南海出版公司,2013-10-1,39.5,https://book.douban.com/subject/25733470/
七夜雪,8.4,沧月,北京十月文艺出版社,2006-10,25.0,https://book.douban.com/subject/1919201/
哈姆莱特,8.5,[英] 莎士比亚,人民文学出版社,2001-1,7.0,https://book.douban.com/subject/1006197/
京华烟云,8.5,林语堂,陕西师范大学出版社,2005-7,43.0,https://book.douban.com/subject/1391191/
万水千山走遍,8.8,三毛,哈尔滨出版社,2003-08,13.8,https://book.douban.com/subject/1036490/
海子的诗,8.9,海子,人民文学出版社,1999-04,15.4,https://book.douban.com/subject/1011754/
芳华,8.1,严歌苓,人民文学出版社,2017-4-1,39.0,https://book.douban.com/subject/27010212/
雾都孤儿,8.1,[英]狄更斯,上海译文出版社,1991-7,10.1,https://book.douban.com/subject/1203251/
新参者,8.4,[日] 东野圭吾,南海出版公司,2011-9,28.0,https://book.douban.com/subject/6746289/
教父,9.0,[美]马里奥·普佐,译林出版社,1997-8,23.3,https://book.douban.com/subject/1092335/
娱乐至死,8.5,[美] 尼尔·波兹曼,广西师范大学出版社,2011-6,29.8,https://book.douban.com/subject/1062193/
一个叫欧维的男人决定去死,9.0,[瑞典] 弗雷德里克·巴克曼,四川文艺出版社,2015-12,35.0,https://book.douban.com/subject/26672693/
台北人,8.9,白先勇,广西师范大学出版社,2010-10,38.0,https://book.douban.com/subject/5337248/
斯通纳,8.8,[美] 约翰·威廉斯,上海人民出版社,2016-1,49.0,https://book.douban.com/subject/26425831/
蔷薇岛屿,8.0,安妮宝贝,作家出版社,2002-8,18.0,https://book.douban.com/subject/1063190/
我的精神家园,9.1,王小波,文化艺术出版社,1997,18.8,https://book.douban.com/subject/1014578/
妻妾成群,8.2,苏童,上海文艺出版社,2004-8,23.0,https://book.douban.com/subject/1025753/
激荡三十年（上）,8.8,吴晓波,中信出版社 浙江人民出版社,2007-1,35.0,https://book.douban.com/subject/1970428/
最初的爱情 最后的仪式,8.0,[英] 伊恩·麦克尤恩,南京大学出版社,2010-2,22.0,https://book.douban.com/subject/4011440/
野火集,8.8,龙应台,文汇出版社,2005-8,25.0,https://book.douban.com/subject/1426971/
乡土中国,9.2,费孝通,上海人民出版社,2006-4,38.0,https://book.douban.com/subject/1795079/
九州·缥缈录,8.8,江南,新世界出版社,2005-6,20.0,https://book.douban.com/subject/1321017/
生活在别处,8.4,[捷克] 米兰·昆德拉,上海译文出版社,2004-5,25.0,https://book.douban.com/subject/1013225/
设计中的设计,8.6,[日] 原研哉,山东人民出版社,2006-11,48.0,https://book.douban.com/subject/1941558/
琅琊榜,8.5,海宴,朝华出版社,2007-12,49.8,https://book.douban.com/subject/2326571/
心是孤独的猎手,8.5,[美] 卡森·麦卡勒斯,上海三联书店,2005-8,25.0,https://book.douban.com/subject/1424741/
占星术杀人魔法,8.3,[日] 岛田庄司,新星出版社,2008-9,28.0,https://book.douban.com/subject/3187737/
我执,8.0,梁文道,广西师范大学出版社,2010-10,35.0,https://book.douban.com/subject/3642673/
枪炮、病菌与钢铁,8.8,[美] 贾雷德·戴蒙德,上海世纪出版集团,2006-4-1,45.0,https://book.douban.com/subject/1813841/
失踪的孩子,9.1,[意] 埃莱娜·费兰特,人民文学出版社,2018-6-1,62.0,https://book.douban.com/subject/30172069/
子不语1,9.0,夏达,新世纪出版社,2009-12,36.0,https://book.douban.com/subject/4188697/
白银时代,8.4,王小波,花城出版社,1997-5,10.0,https://book.douban.com/subject/1082150/
红拂夜奔,8.7,王小波,江苏文艺出版社,2005-1,28.0,https://book.douban.com/subject/1418686/
非暴力沟通,8.4,[美] 马歇尔·卢森堡,华夏出版社,2009-1,29.0,https://book.douban.com/subject/3533221/
爱的艺术,8.8,[美] 艾·弗洛姆,上海译文出版社,2008-4,15.0,https://book.douban.com/subject/3026879/
动物凶猛,8.3,王朔,中国电影出版社,2004年02月,15.5,https://book.douban.com/subject/1143694/
舞！舞！舞！,8.3,[日] 村上春树,上海译文出版社,2002-6,25.0,https://book.douban.com/subject/1020670/
告白,8.6,湊佳苗,時報文化,2009-8,250.0,https://book.douban.com/subject/3920130/
偷书贼,8.0,[澳] 马克斯·苏萨克,南海出版公司,2007-8,25.0,https://book.douban.com/subject/2180619/
浪潮之巅,9.0,吴军,电子工业出版社,2011-8,55.0,https://book.douban.com/subject/6709783/
佛祖在一号线,8.2,李海鹏,文化艺术出版社,2010-6,25.0,https://book.douban.com/subject/4872671/
小姨多鹤,8.6,严歌苓,作家出版社,2008-4,28.0,https://book.douban.com/subject/3012517/
罗杰疑案,8.9,[英] 阿加莎·克里斯蒂,人民文学出版社,2006-5,21.0,https://book.douban.com/subject/1807516/
夹边沟记事,9.2,杨显惠,花城出版社,2008-09,34.0,https://book.douban.com/subject/3239549/
邓小平时代,9.1,[美] 傅高义,生活·读书·新知三联书店,2013-1,88.0,https://book.douban.com/subject/20424526/
高效能人士的七个习惯（精华版）,8.2,[美] 史蒂芬·柯维,中国青年出版社,2011-6,29.0,https://book.douban.com/subject/1048007/
默读,8.4,Priest,百花洲文艺出版社,2018-1,45.0,https://book.douban.com/subject/27608412/
观念的水位,8.3,刘瑜,浙江大学出版社,2013-1,36.0,https://book.douban.com/subject/20463108/
离开的，留下的,8.7,[意] 埃莱娜·费兰特,人民文学出版社,2017-10,62.0,https://book.douban.com/subject/27104959/
云中歌1,8.0,桐华,作家出版社,2007-9,24.8,https://book.douban.com/subject/2283084/
巨流河,8.7,齐邦媛,生活·读书·新知三联书店,2010-10,39.0,https://book.douban.com/subject/4842446/
来不及说我爱你,8.0,匪我思存,新世界出版社,2006-9,20.0,https://book.douban.com/subject/1886385/
中国大历史,8.3,黄仁宇,生活·读书·新知三联书店,2007-2,19.0,https://book.douban.com/subject/1015699/
寻羊冒险记,8.2,[日] 村上春树,上海译文出版社,2001-8,18.8,https://book.douban.com/subject/1031740/
